Name,Price(07/11/2025),Price(08/11/2025)
ACI Aerosol Insect Spray 250ml,250.0,250.0
ACI Aerosol Insect Spray 350ml,340.0,340.0
ACI Aerosol Insect Spray 475ml,415.0,415.0
ACI Aerosol Insect Spray 800ml,620.0,620.0
ACI BLACK FIGHTER MAX LOW SMOKE MOSCOIL8H 10P,70.0,70.0
Aci Cockroach Spray 400ml,350.0,350.0
Aci Supreme Washing Powder 1kg,180.0,180.0
Akij Max Wash Synth Detergent Powder 1kg,145.0,145.0
Akij Max Wash Synth Detergent Powder 500gm,70.0,70.0
Andalus Disinfect Glass Cleaner Spray 500ml,170.0,170.0
Andalus Household Dishwashing Lemon 500ml,135.0,135.0
Angelic Air Freshener Amazonia 300ml,340.0,340.0
Angelic Air Freshener Anti Tabac 300ml,340.0,340.0
Angelic Air Freshener Citrus Burst 300ml,340.0,340.0
Angelic Air Freshener Orange Sparkling 300m,320.0,320.0
Angelic Air Freshener Orchid Breeze 300ml,340.0,340.0
Angelic Fresh Air Freshener Misty Wood 300ml,320.0,320.0
Armaf Enchanted Summer Air Freshener 300ml,545.0,545.0
Bashundhara Power Wash Synth Detergent Powder 1kg,180.0,180.0
Bashundhara Air Freshner Orchid 300ml,290.0,290.0
Bashundhara Facial Tissue Perfumed -150x2p,100.0,100.0
Bashundhara Facial Tissue Poly 200x2 400p,125.0,125.0
Bashundhara Facial Tissue White 120x2,85.0,85.0
Bashundhara Facial Tissue White 150x2,100.0,100.0
Bashundhara Hand Towel 1plyx250p Box,110.0,110.0
Bashundhara Hand Towel 1plyx250p Poly,105.0,105.0
Bashundhara Kitchen Towel 1roll,85.0,85.0
Bashundhara Kitchen Towel 2roll,160.0,160.0
Bashundhara Lit Dish Wash Bar 100gm,12.0,12.0
Bashundhara Lit Dish Wash Bar 300gm,40.0,40.0
Bashundhara Lit Dw Liq Lemon Push Sys 500ml,140.0,140.0
Bashundhara Lit Dw Liq Lemon Ref 250ml,65.0,65.0
Bashundhara Paper Napkin 80 pcs,70.0,70.0
Bashundhara Paper Napkin Perfumed 80 pcs,70.0,70.0
Bashundhara Power Wash Synth Detergent Powder 500g,90.0,90.0
Bashundhara Toilet Tissue Gold,38.0,38.0
Bashundhara Toilet Tissue Lemon,28.0,28.0
Bashundhara Toilet Tissue Pink,25.0,25.0
Bashundhara Toilet Tissue White,28.0,28.0
Bashundhara Toilet Tissue White 4pcs,100.0,100.0
BASHUNDHARA XTREME LIQ TOILET CLEANER 1LTR,180.0,180.0
Be Pure Hanging Lemon Car Perfume 6ml,690.0,690.0
Blossoms Mc Baking Paper 10mx30cm,400.0,400.0
Bqs Aluminium Foil Box 250ml 10pcs,85.0,85.0
Bqs Aluminium Foil Box 450 Ml 10pcs,105.0,105.0
Bqs Aluminium Foil Box 660 Ml 5pcs,95.0,95.0
Bqs Aluminium Foil Box 750 Ml 5pcs,100.0,100.0
Bqs Baking Paper 10 Meter,370.0,370.0
Bqs Bar B Q Stick B,46.0,46.0
Bqs Bar B Q Stick L,95.0,95.0
Bqs Bar B Q Stick M,42.0,42.0
Bqs Bar B Q Stick Xl,120.0,120.0
Bqs Bar B Q Stik S,40.0,40.0
Bqs Body Brush Long,100.0,100.0
Bqs Chopsticks 2 Pair,110.0,110.0
Bqs Diam Aluminum Foil 37.5 Sqf,250.0,250.0
Bqs Finger Nail File,140.0,140.0
Bqs Foot File Oval,130.0,130.0
Bqs Fruit Knife,155.0,155.0
Bqs Golden Khunti,330.0,330.0
Bqs Hair Brush F/H,60.0,60.0
Bqs Hand Wiper,195.0,195.0
Bqs Kitchen Lusni 4pcs Cotton,50.0,50.0
Bqs Kitchen Lusni Heavy 2 Pcs,70.0,70.0
Bqs Mosquito Killer Bat,820.0,820.0
Bqs Nail Cliper Om 3019-2,190.0,190.0
Bqs Nail Cuter Sdn,185.0,185.0
Bqs One time Plate L 12 Pcs,85.0,85.0
Bqs Onetime Hand Gloves 100pcs,120.0,120.0
Bqs Onetime Plate M 12 Pcs,50.0,50.0
Bqs Onetime Plate Peper M,85.0,85.0
Bqs Onetime Spoon B 12 Pcs,40.0,40.0
Bqs Onetime Spoon M 25 Pcs,55.0,55.0
Bqs Orchid Air Freshner 50g All,55.0,55.0
Bqs Orchid Air Freshner 70g All,100.0,100.0
Bqs Scourer Green Big 1pcs,30.0,30.0
Bqs Scourer Green Big 5pcs,130.0,130.0
Bqs Toilet Brush Flat,170.0,170.0
Chaka Adv Washing Powder 1000gm,145.0,145.0
Chaka Adv Washing Powder 2kg,375.0,375.0
Chaka Adv Washing Powder 500gm,75.0,75.0
CHAKA SUPER WHITE SYNTH DET POWDER 1000GM,180.0,180.0
CHAKA SUPER WHITE SYNTH DET POWDER1000G B2STK61,299.0,299.0
CLEAN ZEN FURNITURE WIPES BOX 20PX1PLY,120.0,120.0
CLEAN ZEN LEATHER WIPES BOX 20PX1PLY,120.0,120.0
CLEAN ZEN MAKEUP REMOVER WIPES BOX 20PX1PLY,150.0,150.0
CLEAN ZEN REFRESHING WIPES BOX 20PX1PLY,150.0,150.0
Clean Zen Sneaker Wipes Box 20px1ply,140.0,140.0
Crystal Glass&Multi Surface Clea Spray 350m,150.0,150.0
Diamond Aluminum Foil 5mx30cm,180.0,180.0
Dish Master Dish Washing Bar 300gm,40.0,40.0
Domex Fguard Limef Liq Toilet Cle500mg1bru,130.0,130.0
Domex Fguard Oceanf Liq Toilet Cle500mg1bru,130.0,130.0
Domex Freguard Oceanfre Liq Toilet Cle500m,130.0,130.0
Domex Fresh Guard Liq Toilet Cle Lime F 500ml,130.0,130.0
Domex Fresh Guard Ocean Toilet Cleaner -,175.0,175.0
Domex Fresh Guard Toilet Cleaner -750 ml,175.0,175.0
Domex Liq Toilet Cleaner 500ml Stk30,100.0,100.0
Domex Liq Toilet Cleaner 750ml Stk50,125.0,125.0
Eagle Power Low Smoke Mega Booster Coil 10 pcs,110.0,110.0
Eazy Liq Dishwash Push Sys 500ml,95.21,95.21
Extra Power Naphthalene,100.0,100.0
Extra Power Naphthalene 50pcs,128.0,128.0
Extra Power Super R Naphthalene 110/130g,95.0,95.0
Fantastik Air Freshner Citrus Breeze 300ml,280.0,280.0
Fantastik Air Freshner Lavender Spray 300ml,280.0,280.0
Fatema Clear Drinking Glass,99.0,99.0
Fatema Steel Spoon Fork Big,350.0,350.0
Fay Air Freshener Jesmine 300ml,340.0,340.0
Fay Air Freshener Orchid 300ml,340.0,340.0
Fay Air Freshener Rose 300ml,340.0,340.0
Fay Toilet Tissue White,30.0,30.0
Finis Aerosol 475ml,275.0,275.0
Finis Insect Powder 80g,40.0,40.0
Finis Insect Powder Extra Strong 40g,30.0,30.0
Finis Ozol All Purpose Cleaner 500 ml-Buy 1 Get 1 Free,150.0,150.0
Finis Rat Killer 50gm,20.0,20.0
Fresco Aer Freshener Anti Tobacco Black 300ml,280.0,280.0
Fresh Facial Tissue Perfumed 120x2,85.0,85.0
Fresh Facial Tissue Perfumed 150x2,100.0,100.0
Fresh Facial Tissue Perfumed 60x2,65.0,65.0
Fresh Facial Tissue White 120x2,85.0,85.0
Fresh Facial Tissue White 150x2,100.0,100.0
Fresh Facial Tissue White 60x2,65.0,65.0
Fresh Hand Towel 250pcs,100.0,100.0
Fresh Kitchen Towel 1roll,85.0,85.0
Fresh Paper Napkin Perfumed 100p,75.0,75.0
Fresh Paper Napkin White 100p,75.0,75.0
Fresh Toilet Tissue Gold,38.0,38.0
Fresh Toilet Tissue White,28.0,28.0
Fresh Toilet Tissue White Value pack -4pcs,100.0,100.0
Gim Birthday Paper Plate Big 10pcs,154.0,154.0
Glade Scented Gel Floral Perfection 180gm,390.0,390.0
Glitter Antibac Dishwash Liq Bottle 500ml,140.0,140.0
Glitter Antibac Dishwash Liq Pouch 250ml,70.0,70.0
Glitter Antibac Dishwash Liq Pouch 400ml,100.0,100.0
Glitter Glass&Surface Cleaner 500ml,135.0,135.0
Glow Fabric Expert Synth Det Powder 2kg,380.0,380.0
Godrej Aer Power Pocket Bathroom Fragrance -10 gm,75.0,75.0
Godrej Aer Power Pocket Fresh Blossom Bathroom Fragrance -10gm,75.0,75.0
Godrej Aer Pp Jasmine Floral Delight Bathr Frag 10g,75.0,75.0
Godrej Aer Spray Fresh Lush Green 220/240ml,300.0,300.0
Godrej Aer Spray Lemon Tangy Delight 300ml,300.0,300.0
Godrej Aer T Gel Fre L Green Car Frag Nat Del45g,599.0,599.0
Godrej Aer T Gel Pet C Pink Car Frag M Morn45g,599.0,599.0
Godrej Fab Liq Detergrnt Poly 1ltr,250.0,250.0
GODREJ HIT COCKROACHES KILLS AEROSOL 200ML,200.0,200.0
Godrej Hit Cockroaches Kills Aerosol 625ml,500.0,500.0
Godrej Hit Mosq Kills Aerosol Lime 475ml,415.0,415.0
Godrej Hit Mosq Kills Aerosol Lime 800ml,620.0,620.0
GODREJ HIT MOSQUITOES KILLS AEROSOL 200ML,225.0,225.0
Godrej Hit Mosquitoes Kills Aerosol 475ml,415.0,415.0
Good Knight Fab Rollon Mos Rep 8m,170.0,170.0
Good Knight Gold Flash Mosquito Liquid Vapouriser Mach + Refill 45ml,230.0,230.0
GOOD KNIGHT LIQ MOSQ REP REF TWIN PACK 45ML,250.0,250.0
GOOD KNIGHT LIQ MOSQ REPELLENT REF 45ML,130.0,130.0
Harpic All In One Toilet & Bath Cleaning Powder 1kg,210.0,210.0
Harpic All In One Toilet & Bath Cleaning Powder 400g,105.0,105.0
Harpic Drain Xpert Powder 50gm,100.0,100.0
Harpic Flushmatic Toilet Cleaning Block Citrus 2ux 50g,310.0,310.0
Harpic Flushmatic Toilet Cleaning Block Citrus 50g,150.0,150.0
Harpic Flushmatic Toilet Cleaning Block Lavender 3ux 50g,420.0,420.0
Harpic Flushmatic Toilet Cleaning Block Marine 2ux 50g,310.0,310.0
Harpic Flushmatic Toilet Cleaning Block Marine 3ux 50g,465.0,465.0
Harpic Flushmatic Toilet Cleaning Block Marine 50g,165.0,165.0
HARPIC P TOILET CLE1L+LIZOL SURF CLE1L COMBO STK100,435.0,435.0
Harpic Power Plus Original Toilet Cleaner 1 Ltr,235.0,235.0
Harpic Power Plus Original Toilet Cleaner 750 ml,180.0,180.0
Harpic Power Plus Toilet Cleaner 750 ml,310.0,310.0
Harpic Power Plus10/10 Original Liquid Toilet Cleaner 500ml,135.0,135.0
Harpic Promo Combo (Tc 750 ml+Bc 500 ml) Stk20,295.0,295.0
Harpic Rose Bathroom Cleaner 500ml,140.0,140.0
Harpic Toilet Cleaning Powder 200gm,60.0,60.0
Innovative Trading Proclean Window Squeezer - Wc-1596,150.0,150.0
Jet Detergent Liquid Bottle 1 Ltr,600.0,600.0
Jet Detergent Powder Improve Form Box 1kg,300.0,300.0
Jet Improved Formula Detergent Powder -1000 ml,300.0,300.0
Jhok Mok Dish Washing Bar 300gm,40.0,40.0
Kazi Agar Batti Pkt,47.0,47.0
Kazi Chompa Flower Agor Bati,47.0,47.0
Lacys Chefbake Baking&Cooking Paper30cmx10m,510.0,510.0
Lacys Chefbake Baking&Cooking Paper30cmx5m,345.0,345.0
Lizol Disinfectant Surface & Floor Cleaner Citrus 975 ml,300.0,300.0
Lizol Disinfectant Surface & Floor Cleaner Lavender 500 ml,160.0,160.0
MAMA LEMON LIQ DISH WASH BOT 400ML,120.0,120.0
Max Clean Liq Dishwash Bot 500ml,130.0,130.0
Meena Facial Tissue Non Perfumed 130x2,85.0,85.0
Meena Facial Tissue Perfumed 130x2,85.0,85.0
Mjs Pancake Syrup 710gm,780.0,780.0
Mjs Strawberry Syrup 624gm,750.0,750.0
Mortein Insta Vapo Machine+refill 60n 45ml Stk21,199.0,199.0
Mortein Insta Vapouriser Machine+Refill 45ml,220.0,220.0
Mortein Mosquito Killer Spray 425ml,415.0,415.0
Mr. Brasso Glass & Multisurface Cleaner Refill -500 ml,190.0,190.0
Mr. Brasso Glass & Multisurface Cleaner Spray 500 ml,230.0,230.0
Mr. White Detergent Powder (Buy 1 Get 1Kg Free),397.0,397.0
Mr. White White Detergent Powder 500gm Buy 3 Get 1,285.0,285.0
New Hit Anti Roach Gel 20gm,225.0,225.0
Odomos Mosquito Repellent Cream 50gm,135.0,135.0
Odonil Air Fresh Gel Pocket Citrus Bloom10g,75.0,75.0
Odonil Air Fresh Gel Pocket Floral Valley10g,75.0,75.0
Odonil Air Freshner Anti Tobacco 300ml,300.0,300.0
Odonil Air Freshner Jasmine Fresh 300ml -Save Tk 50,300.0,300.0
Odonil Bathr Air Fresh Ref Lavender Meadows75g,75.0,75.0
Odonil Bathr Air Fresh Ref Mystic Rose75g,75.0,75.0
Odonil Bathr Air Fresh Ref Orchid Dew75g,75.0,75.0
Odonil New Air Fresh Orchid Dew 48gm,65.0,65.0
Odonil New Hanger Lavender 50gm,95.0,95.0
Orchid Air Freshener Rajanigandha Pack50g,60.0,60.0
Orchid Air Freshner Rose Pack 50gm,60.0,60.0
Orchid Hanger Air Fresh Rajanigandha 70g,105.0,105.0
Orchid Hanger Air Freshner Beli 70gm,105.0,105.0
Orchid Hanger Air Freshner Jasmeine 70gm,105.0,105.0
ORIX CRYSTAL WASH DETERGENT POWDER 1KG,185.0,185.0
ORIX CRYSTAL WASH DETERGENT POWDER 500GM,95.0,95.0
Orix Fabric Shampoo Liq Laundry Detergent 1ltr,750.0,750.0
ORIX PURE CLEAN LIQ DETERGENT ROSE&LAV 1LTR,480.0,480.0
Partex Cleen Kitchen Towel 1roll,85.0,85.0
Partex Cleen Paper Napkin 100p,75.0,75.0
Ray Liquid Detergent 1 Ltr,500.0,500.0
RFL PRIME STOOL HIGH - RED 95681,285.0,285.0
Rin Advanced Detergent Powder 1kg,185.0,185.0
Rin Liquid Detergent Bottle 400ml Bd,120.0,120.0
Rin Synthetic Detergent Powder 500gm,95.0,95.0
Rok Bleching Powder 200gm,35.0,35.0
Rok Bleching Powder 500gm,65.0,65.0
Rok Concen Floor Cleaner Citrus 1ltr,285.0,285.0
Rok Concent Floor Cleaner Pine 2in1 1 Ltr -Buy 1 Get 250ml Rok Dish Liquid Free,288.0,288.0
Rok Concent Floor Cleaner Rajaniga 1000 ml-Buy 1 Get 450ml Refill Pack Free,295.0,295.0
Rok Dish Cleaning Scrubber -6pcs,84.0,84.0
Rok Glass Cleaner Refill 350ml,120.0,120.0
Rok Glazeo Wood & Furniture Cleaner Spray 250 ml,165.0,165.0
Rok Lemon Fresh Dishwashing Liquid 500ml,135.0,135.0
Rok Sol Tiles & Bathroom Cleaner 1000ml-Buy 1 Get 500ML Rok SOL Free,180.0,180.0
Rok Wood Cleaner 350ml Refill,140.0,140.0
Savlon Liquid Antiseptic 250 ml,100.0,100.0
Savlon Liquid Antiseptic 500 ml,175.0,175.0
Sepnil Disinfectant Spray 300 ml,350.0,350.0
Shinex 4in1 Act Citrus Floor Cleaner 1000ml,285.0,285.0
Shinex 4in1 Act Citrus Floor Cleaner 500ml,160.0,160.0
Shinex 4in1 Act Floral Floor Cleaner 500ml,160.0,160.0
Shinex 4in1 Act Nat Floor Cleaner 1000ml,270.0,270.0
SHINEX 4IN1 ACTION TILES&CERAMIC CLEANER 1LTR,170.0,170.0
Shinex Floral Floor Cleaner 1000ml,285.0,285.0
Shinex Glass Cleaner Refill 350ml,115.0,115.0
Shuvro Fabric Brightener 100ml,35.0,35.0
Shuvro Synthetic Detergent Powder 1kg,190.0,190.0
Spring Air Freshener Floral 300ml,320.0,320.0
Spring Air Freshener Lemon 300ml,320.0,320.0
Spring Air Freshener Orange 300ml,320.0,320.0
Sunbit Ginger Power Liq Dish Wash Pump 500m,130.0,130.0
Sunbit Ginger Power Liq Dish Wash Ref 250ml,65.0,65.0
Sunbit Lemon Force Dish Washing Bar 300g B3g1,120.0,120.0
Sunbit Lemon Force Dish Washing Bar 300gm,40.0,40.0
Sunbit Lemon Force Dish Washing Bar 75gm,10.0,10.0
Sunbit Lemon Force Liq Dish Wash Pump 500m,130.0,130.0
Sunbit Lemon Force Liq Dish Wash Ref 250ml,65.0,65.0
Sunbit Refresh Lime Liq Dish Wash Ref 250ml,65.0,65.0
Sunlite Heavy Duty AA Battery 1 pcs,20.0,20.0
Sunlite Heavy Duty Aaa Battery 2pcs,30.0,30.0
Surf Excel Matic Liq Wash Top Load 1ltr,400.0,400.0
Surf Excel Matic Liq Wash Top Load 500m,210.0,210.0
Surf Excel Quick Wash 1kg,235.0,235.0
Surf Excel Quick Wash 500gm,120.0,120.0
Swift Liquid Toilet Cleaner 1000ml,185.0,185.0
Swift Liquid Toilet Cleaner 500ml-Buy 1 Get Item,110.0,110.0
Swift Liquid Toilet Cleaner 750ml,140.0,140.0
Telajom Instant Forte Ins Cockroachspray250m,250.0,250.0
Trix Dish Wash Liquid Lemon 250 ml,70.0,70.0
Trix Dish Wash Liquid Lemon 500 ml,150.0,150.0
TRIX DISH WASHING LIQ LEMON 1LTR,270.0,270.0
Trix Dishwah Liq500m+poly250m Stk30,190.0,190.0
Tylox Liq Floor Cleaner Apple Dream 1l,320.0,320.0
Tylox Liq Floor Cleaner Jasmin Vine 1L,320.0,320.0
TYLOX LIQ FLOOR CLEANER RAIN FRESH 1L,320.0,320.0
TYLOX LIQ GLASS CLEANER LEMON SHINE 500ML,230.0,230.0
TYLOX LIQ TOILET CLEANER FRESH AQUA 500ML,120.0,120.0
Tylox Liq Toilet Cleaner Fresh Aqua 750ml,160.0,160.0
Tylox Liq Toilet Cleaner Lemon Lime 500ml,120.0,120.0
Ujala Supreme Liq Fabric Whitener 100ml,40.0,40.0
Unik Complete Bathroom Cleaner Pow 400gm,80.0,80.0
UNIK PINE DISINFECT CONCEN FLOOR CLEANER 1000ML,240.0,240.0
Unik Xtreme Toilet Cleaner 750ml Bstk100,220.0,220.0
Vanish Kills Disease Toilet Cleaner 750ml,170.0,170.0
Vanish Oxi Action Liq Detergent 800ml,480.0,480.0
Vanish Quick Action Toilet Cleaner 500ml,130.0,130.0
Vim Dishwash Bar 300gm,40.0,40.0
Vim Dishwash Liquid Lime 1ltr,240.0,240.0
Vim Dishwash Liquid Lime 500ml,130.0,130.0
Vim Dishwash Liquid Lime Pack 210 ml,50.0,50.0
Vim Dishwash Powder 500g,45.0,45.0
Vim DW Liq Lime Ref 250ml B3G1,150.0,150.0
Vixol Bathroom Cleaner Pink 450 ml,355.0,355.0
Vixol Bathroom Cleaner Smart 450 ml,355.0,355.0
Vixol Bathroom Cleaner White 450 ml,355.0,355.0
Vixol Bathroom Cleaner White 900 ml,525.0,525.0
Wheel 2in1 Clean & Fresh Powder 1kg,145.0,145.0
Wheel 2in1 Clean & Fresh Powder 2kg,260.0,260.0
Wheel 2in1 Clean & Fresh Powder 500g,75.0,75.0
Wheel Laundry Soap 100gm,25.0,25.0
Wheel Laundry Soap 125gm B5g1,150.0,150.0
WHEEL WASHING LAUNDRY BAR 125G,30.0,30.0
WHITE WASH SYNTH DETERGENT POWDER 1KG,122.4,122.4
White Wash Synth Detergent Powder 500gm,64.6,64.6
Wonder Antibacterial Dish W Liquid 500ml,150.0,150.0
Wonder Dish Wash Bar 325gm,40.0,40.0
Wonder Dishwash Bar 100gm,12.0,12.0
Xpel Aerosol 475ml,415.0,415.0
Zipit Storage&Sand Zip Bags S 50p,250.0,250.0
Aci Black Fighter M Low Smoke Mos Coil10h10p,85.0,85.0
Aci Smart Washing Powder 500gm,75.0,75.0
ACI Supreme Liquid Detergent Jar 1 Ltr,250.0,250.0
Aci Supreme Washing Powder 500gm,90.0,90.0
Aer AC Vent Car Air Freshener -Cool Surf Blue 10gm,399.0,399.0
Airwick Ef Gel Citrus Splash 50gm,140.0,140.0
Airwick Ef Gel Lavender Meadows 50gm,140.0,140.0
Airwick Ef Gel Morning Rose 50gm,140.0,140.0
Alex Car Wash 500 ml,345.0,345.0
Andalus 4in1 Liquid Toilet Cleaner 500ml,130.0,130.0
Andalus 4in1 Liquid Toilet Cleaner 750ml,160.0,160.0
Andalus Disinfect Floor Cleaner Lemon 500 ml,150.0,150.0
Andalus Disinfect Floor Cleaner Lemon 750 ml,190.0,190.0
Andalus Disinfect Floor Cleaner Pine 500 ml,150.0,150.0
Andalus Grease Remover Spray 500ml,300.0,300.0
Andalus Household Dishwashing Liq Lemon 750ml,195.0,195.0
Angelic Air Freshener Citrus Burst,260.0,260.0
Angelic Air Freshener Green Valley 300ml,320.0,320.0
Ariel Complete Detergent Powder 1kg,220.0,220.0
Ariel Complete Detergent Powder 500gmb2g1,220.0,220.0
ARIEL MATIC FRONT LOAD LIQ DET 500M B2G1,510.0,510.0
Ariel Matic Front Load Liq Detergent 500ml,255.0,255.0
Ariel Matic Front Load Liquid Detergent 1 Ltr,485.0,485.0
ARIEL MATIC TOP LOAD LIQ DET 500ML,500.0,500.0
Ariel Matic Top Load Liq Detergent 500ml,255.0,255.0
Ariel Matic Top Load Liquid Detergent 1 Ltr,485.0,485.0
Armaf Enchanted Bloom Air Freshener 300ml,545.0,545.0
Armaf Enchanted Lemon Air Freshener 300ml,545.0,545.0
Armaf Enchanted Romance Air Freshner 300ml,545.0,545.0
Armaf Enchanted Spring Air Freshener 300ml,545.0,545.0
Armaf Enchanted Vintage Air Freshner 300ml,545.0,545.0
Atm Deodorizer Jasmin 70gm,189.0,189.0
Atm Deodorizer Orchid 70gm,189.0,189.0
Atm Deodorizer Rose 70gm,189.0,189.0
ATM NAPTHALENE BALL 100GM THAI,275.0,275.0
Banglawash Synthetic Detergent Powder 1kg,155.0,155.0
Banglawash Synthetic Detergent Powder 500gm,80.0,80.0
Bashundhara Air Freshner Anti Tobacco 300ml,290.0,290.0
Bashundhara Air Freshner Jasmine 300ml,290.0,290.0
Bashundhara Air Freshner Lavender 300ml,290.0,290.0
Bashundhara Air Freshner Lotus 300ml,290.0,290.0
Bashundhara Air Freshner Oud 300ml,290.0,290.0
Bashundhara Air Freshner Rose 300ml,290.0,290.0
Bashundhara Facial Tissue Non Perfumed -80x3p 240s,110.0,110.0
Bashundhara Facial Tissue Perfumed 120x2,85.0,85.0
Bashundhara Hand Towel 1plyx200p Box,100.0,100.0
Bashundhara Paper Napkin 100pcs,75.0,75.0
Bashundhara Pow Wash Synth Det Pow Lem 1kg,140.0,140.0
Bashundhara Power Wash Synth Detergent Powder Lemon 500g,70.0,70.0
Bashundhara Toilet Tissue Soft,40.0,40.0
Bashundhara Xtra Ex P Boost Mos Coil 10p,100.0,100.0
Bashundhara Xtra Plant F Mos Coil 10p,70.0,70.0
Bashundhara Xtreme Aerosol 475ml,415.0,415.0
BASHUNDHARA XTREME LIQ TOILET CLEANER 500ML,120.0,120.0
BASHUNDHARA XTREME LIQ TOILET CLEANER 750ML,150.0,150.0
Baygon Cockroach Control Aerosol 270ml,975.0,975.0
Baygon Cockroach Control Aerosol 570ml,862.0,862.0
Be Pure Hanging Vanilla Car Perfume 6ml,690.0,690.0
Be Pure Terminator Amber Flora Spray300m,396.0,396.0
Be Pure Terminator Cool Air Spray 300ml,480.0,480.0
Be Pure Terminator Fresh N Lem Spray300m,396.0,396.0
Bliss Air Freshner Anti Tob Floral Fusion 300ml,300.0,300.0
Bliss Air Freshner Citrus 300ml,300.0,300.0
Bliss Air Freshner Lavender 300ml,300.0,300.0
Bqs Aluminium Foil Box 1000 Ml 5 Pcs,120.0,120.0
"Bqs Aluminium Foil Box 7"" Round 5pcs",120.0,120.0
BQS ALUMINIUM FOIL PAPER SMALL,200.0,200.0
Bqs Aluminium Foil Tray Small 3pcs,360.0,360.0
Bqs Aluminium Lunch Box 3pcs,100.0,100.0
Bqs Bd Hand Flag,10.0,10.0
Bqs Cloth Clip 16pcs Pak,150.0,150.0
Bqs Coffee Cup 100ml,35.0,35.0
Bqs Coffee Cup Paper 150ml 12p,40.0,40.0
Bqs Coffee Cup Paper 250ml 10p,65.0,65.0
Bqs Coffee Cup Paper 350ml 10p,85.0,85.0
Bqs Coffee Mug Emoji 23140 S,370.0,370.0
Bqs Cotton Buds Adult Round,75.0,75.0
Bqs Cotton Buds Round  baby,140.0,140.0
Bqs Diam Food Wrap Roll 200ft,250.0,250.0
Bqs Diamond Naph: Ball 24 Pcs,60.0,60.0
Bqs Disposable Bowl Big 2 Kg,40.0,40.0
Bqs Disposable Bowl Medium 1 Kg,28.0,28.0
Bqs Disposable Bowl Small 3pcs,60.0,60.0
Bqs Disposable Firni Cup 10p,25.0,25.0
Bqs Disposable Glass 350 Ml 10 Pcs,90.0,90.0
Bqs Disposable Plate Heavy 3pcs,55.0,55.0
Bqs Disposable Plate Paper 5pcs,90.0,90.0
Bqs Egg Cutter S S,180.0,180.0
Bqs Flask 500 Ml Prestige,790.0,790.0
Bqs Foot File 4 In 1,120.0,120.0
Bqs Fridge Handle Cover Pier Sp:,160.0,160.0
Bqs Fry Strainer 14 Cm,145.0,145.0
Bqs Full Jharu,175.0,175.0
Bqs Garbage Bag 110 Ltr,250.0,250.0
Bqs Garbage Bag 20 Ltr,110.0,110.0
"Bqs Garbage Bag 24""×36"" 6pcs",220.0,220.0
Bqs Garbage Bag 35 L 50p,145.0,145.0
Bqs Garbage Bag 60l 20p,160.0,160.0
Bqs Garbage Bag 80 L 10p,220.0,220.0
Bqs Garbage Bag Black 16×20 Inch20p,210.0,210.0
Bqs Garbage Bag Black 18×24 Inch10p,180.0,180.0
Bqs Garbage Bage Black 20×30 Inch10p,220.0,220.0
Bqs Glass Salt Pot B,300.0,300.0
Bqs Golden Cury Spoon,330.0,330.0
Bqs Hair Brush Special,220.0,220.0
Bqs Hand Gloves Full Hand,370.0,370.0
BQS HAND GLOVES WITH BRUSH,500.0,500.0
Bqs Hand Gloves Yc,270.0,270.0
BQS HOT BAG LONG,620.0,620.0
Bqs Key Ring B Sp,170.0,170.0
Bqs Kitchen Scissor K006,240.0,240.0
Bqs Kitchen Scissor Spring Heavy,480.0,480.0
Bqs Kitchen Scissor Spring Steel,650.0,650.0
Bqs Kitchen Scissors B01,350.0,350.0
Bqs Kitchen Towel 5pcs,280.0,280.0
Bqs Knife Kiwi M Single,120.0,120.0
Bqs Knife Sinbad,190.0,190.0
Bqs Lighter W. Gas,210.0,210.0
Bqs Nail Clipers B103,130.0,130.0
Bqs Nail Cuter Big,200.0,200.0
Bqs Nail Cuter Sp. Box,275.0,275.0
Bqs Nail Cuter Special Large,295.0,295.0
Bqs Nail Cuter Special Small,180.0,180.0
Bqs Onetime Glass 180ml 12p:,30.0,30.0
Bqs Onetime Glass 225ml 12p,40.0,40.0
Bqs Onetime Glass 350ml W. Cover 10p,75.0,75.0
Bqs Onetime Plate Flower,100.0,100.0
Bqs Onetime Plate Peper S,70.0,70.0
Bqs Onetime Spoon Fork 25pcs,50.0,50.0
Bqs Sauce Pot Small,35.0,35.0
Bqs Scissors 260 Mm,180.0,180.0
"Bqs Scissors 7""",65.0,65.0
"Bqs Scissors 8""",80.0,80.0
Bqs Scourer Cleaning Ball 50g,65.0,65.0
Bqs Scourer Pad 5pcs,85.0,85.0
Bqs Scourer Plastic 5 Pcs,110.0,110.0
Bqs Scourer Spong Buy 3 Gt 1free,110.0,110.0
Bqs Scourer Sponge Braite 4p,75.0,75.0
Bqs Scourer Sponge Yalow,35.0,35.0
Bqs Shankar Umbrella Auto Open,620.0,620.0
Bqs Straw Flexible 100 Pcs,70.0,70.0
Bqs Straw Flexible 50 Pcs,40.0,40.0
Bqs Straw Jambo 50 Pcs,120.0,120.0
Bqs Straw Mark Life Fun 4 Pcs,190.0,190.0
Bqs Straw Spicial 100 Pcs,250.0,250.0
Bqs Tea Strainer B.Heavy,65.0,65.0
Bqs Tea Strainer S.Heavy,55.0,55.0
Bqs Toilet Brush Round,170.0,170.0
Bqs Toilet Brush W. Cover,400.0,400.0
Bqs Toothpick Pack,45.0,45.0
Bqs Toothpicks Bcn,85.0,85.0
Bqs Toothpicks Round S,24.0,24.0
Bqs Vegetable Peeler 8811,100.0,100.0
Bqs Wall Hook 4pcs Cn,110.0,110.0
Bqs Wall Hook White,180.0,180.0
Bqs Wall Wook 4pcs Color,150.0,150.0
Bqs Water Bottle Bd,150.0,150.0
Bqs Water Pot Cn,450.0,450.0
Bqs Water Pot School,420.0,420.0
Bqs Wooden Spoon D,175.0,175.0
Breeze Power Clean Detergent Pow 2.1 Kg,1600.0,1600.0
Chaka Ball Soap 120/130gm,26.0,26.0
Chamak Anti Fabric Brightener 100ml,40.0,40.0
Chandanam Natural Agarbathi 20g,45.0,45.0
Clorox Disinfecting Liquid Bleach Original -1 ltr,697.0,697.0
Clorox Liq Disinfect Bleach Reg/Orig 500ml,389.0,389.0
Clorox Liquid Bleach Lemon 1 ltr,697.0,697.0
Clorox Liquid Bleach Lemon 2 Ltr,1075.0,1075.0
Clorox Liquid Bleach Original 2 Ltr,1075.0,1075.0
Comfort Fabric Cond Afterwash Lily F860m,360.0,360.0
Comfort Fabric Cond Afterwash Morn F860m,360.0,360.0
Daily Fresh Air Freshner Floral 70gm,535.0,535.0
Daily Fresh Air Freshner Lemon 70gm,400.0,400.0
Daily Fresh Air Freshner Lime 70gm,490.0,490.0
Daily Fresh Air Freshner Marine 70gm,535.0,535.0
Daily Fresh Air Freshner Orange 70gm,400.0,400.0
Dettol Antiseptic Liquid 5000ml,1500.0,1500.0
Diamond Plastic Stretch Wrap 200 sq ft,220.0,220.0
Dish Master Dish Washing Liq 500ml,150.0,150.0
DOMEX FG OCEANFRE LIQ TOILET CLE750M B1G1 VIM BAR300G,150.0,150.0
Domex Toilet Cleaning Powder 250gm,35.0,35.0
Doom Dish Wash Liq Bottle Lemon 1ltr,350.0,350.0
Doom Dish Wash Liq Bottle Orange 1ltr,350.0,350.0
Doom Dish Wash Liq Pump Orange 500ml,200.0,200.0
Dura Fresh Jasmine Car Air Freshner,100.0,100.0
Dura Fresh Peach Car Air Freshner,100.0,100.0
Dura Fresh Pine Car Air Freshner,100.0,100.0
Eagle Insect Powder 100gm,40.0,40.0
Eagle Insect Powder 40gm,30.0,30.0
Eagle Max Hit Jumbo Coil 10pcs,75.0,75.0
Eagle Power Low Smoke Mega Booster Coil 10 pcs- Buy 2 Get 1,220.0,220.0
Eagle Super Aerosol Insect Spray 475ml,400.0,400.0
Eagle Super Power Coil 10pcs,80.0,80.0
EAZY LIQ DISHWASH POLY REF 250ML,47.6,47.6
Exotica Gardenia Car Air Freshner,170.0,170.0
Exotica Peach Car Air Freshner,170.0,170.0
Fantastik Air Freshner Anti Tobacco Spray 300ml,280.0,280.0
Fantastik Air Freshner Floral Blossom 300ml,280.0,280.0
Fantastik Air Freshner Lemon Spray 300ml,280.0,280.0
Fantastik Air Freshner Nat Orchid Spray 300ml,280.0,280.0
Fantastik Air Freshner Pack Jasmine 50gm,55.0,55.0
Fantastik Air Freshner Pack Lavender 50gm,55.0,55.0
Fantastik Air Freshner Pack Orchid 50gm,55.0,55.0
Fantastik Air Freshner Pack Rose 50gm,55.0,55.0
Fatema 3 In 1 Multi Function Set,99.0,99.0
Fatema Cloth Rope 10 Meters,70.0,70.0
Fatema Cloths Pin 10 With Roop,350.0,350.0
Fatema Electric Mosquito Bat,599.0,599.0
Fatema Ft Rtg Box 2 Pcs Set,99.0,99.0
Fatema Lunch Box 2 Layer,520.0,520.0
Fatema Lunch Box 3 Layer,699.0,699.0
Fatema Silicon Fruits Magic Bowl,199.0,199.0
Fatema Smart Scourer Brush,99.0,99.0
Fatema Solid Spoon,99.0,99.0
Fatema Spong With Scourer 6 Pcs,220.0,220.0
Fatema Ss Spoon,99.0,99.0
Fatema Steel Spoon Big,350.0,350.0
Fatema Steel Spoon Small,299.0,299.0
Fatema Sticky Hook-1,99.0,99.0
Fatema Wood Spoon Kitchen,75.0,75.0
Fatema Wooden Khunti,99.0,99.0
Fatema Wooden Spoon Spade M,99.0,99.0
Fay Air Freshener Anti Tobacco 300ml,340.0,340.0
Fay Air Freshener Lily 300ml,340.0,340.0
Fay Air Freshener Magnolia 300ml,340.0,340.0
Fay Air Freshener Sea Minerals 300ml,340.0,340.0
Fay Facial Tissue Non Perfumed 100px2ply,75.0,75.0
Fay Facial Tissue Perfume 150px2ply,105.0,105.0
Fay Facial Tissue Perfumed 100px2ply,75.0,75.0
Fay Multi Fold Towels 1ply 150s,160.0,160.0
Finis Finpic Toilet Cleaner 750ml B1g1,150.0,150.0
Finis Fixol Toilet & Tiles Cleaner 1000ML,150.0,150.0
Finis Insect Powder 100g,45.0,45.0
Finis L+g Lemon Powerdishwashbar325gb2g1,64.0,64.0
Finis Phenyle Extra Strong Floor 3ltr,180.0,180.0
Fire Box Big 12pcs,36.0,36.0
Fire Box Big 12pcs,36.0,36.0
Flormar Clean Care Makeup Wet Wipes 20pcs,640.0,640.0
Flormar Makeup Remover Wet Wipes 20pcs,780.0,780.0
Fresco Aer Freshener Lemon Green 300ml,280.0,280.0
Fresco Aer Freshener Orange Peel 300ml,270.0,270.0
Fresco Aer Freshener Orchid Pink 300ml,280.0,280.0
Fresco Aer Freshner Lotion Admire Paris 300ml,270.0,270.0
Fresco Air Freshner Jasmine 300ml,270.0,270.0
Fresco Green T Air Fre Nat Anti Tob 300ml,280.0,280.0
Fresco Green T Air Freshner Nat Jasmine 300ml,280.0,280.0
Fresco Green T Air Freshner Nat Orange 300ml,280.0,280.0
Fresco Green T Air Freshner Nat Orchid Blue 300ml,280.0,280.0
Fresco Green T Air Freshner Nat Pink Lily 300ml,280.0,280.0
Fresco Green T Air Freshner Nat Rose 300ml,280.0,280.0
Fresco Green T Air Freshner Paris 300ml,280.0,280.0
Fresco Green T Airfresh Nat Lemon 300ml,280.0,280.0
Fresh Kitchen Towel 2roll,160.0,160.0
Fresh Paper Napkin Perfumed 80p,60.0,60.0
Fresh Paper Napkin White 80p,60.0,60.0
Fresh Toilet Tissue Pink,22.0,22.0
Fresh Toilet Tissue Printed,25.0,25.0
Fruit Basket For Value Pack,185.0,185.0
FRUIT BASKET FOR VALUE PACK (ROUND),100.0,100.0
FRUIT BASKET FOR VALUE PACK (SQUARE),160.0,160.0
Gala Kitchen Scrubber Green,35.0,35.0
Gim Coffee Cup Paper 100ml 12pcs,40.0,40.0
Gim Coil Stand Round Tin 1pcs,55.0,55.0
Gim Disposable Spoon 12cm 50pcs,39.0,39.0
Gim Disposable Spoon 15cm 50pcs,66.0,66.0
Gim Disposable Spoon 17cm 50pcs,110.0,110.0
Gim Ful Jharu,100.0,100.0
Gim Garbage Bag 20 Liter 50pcs,110.0,110.0
Gim Garbage Bag 35 Liter 50pcs,150.0,150.0
Gim Garbage Bag 60 Liter 20pcs,160.0,160.0
Gim Garbage Bag 80 Liter 10pcs,220.0,220.0
Gim Garbage Bag 82 Liter 10pcs,270.0,270.0
Gim Green Sova 1pcs,23.0,23.0
Gim Jhul Jharu,250.0,250.0
Gim Mass Dish Washing Brush Korean 1pcs,38.0,38.0
Gim Massal Dish Wasing Brush(3pcs),80.0,80.0
Gim Massal Flexible Straw 21cm 100pcs,77.0,77.0
Gim Massal Flexible Straw 21cm 50pcs,38.0,38.0
Gim Massal Green Washing Brush 2pcs,35.0,35.0
Gim Massal Lusni Cotton 4pcs,39.0,39.0
Gim Massal Pot Scourer Galvanized 3pcs,70.0,70.0
Gim Massalama Bin Bag 20 Pcs 20#x30#,250.0,250.0
Gim Massalama Disposable Glass 12pcs,45.0,45.0
Gim Massalama Disposable Plat 12pcs L,85.0,85.0
Gim Massalama Disposable Plate 12pcs (S),40.0,40.0
Gim Massalama Kc 8pcs Super Saver,170.0,170.0
Gim Massalama Scourer Steel 4pcs,70.0,70.0
Gim Massalama Scouring Pad Nylon 2pcs,45.0,45.0
Gim Massaldish Wasing Brush Single,35.0,35.0
Gim Mop Cotton M,242.0,242.0
Gim Round Hard Sova 1pcs (Masalama),20.0,20.0
Gim S Cleaning Ball Stainless Steel 1pc,24.0,24.0
Gim S.S Cleaning Ball 50g,80.0,80.0
Gim Scourer Steel 4pcs Packet,70.0,70.0
Gim Sova Jilmil 1pcs,20.0,20.0
Gim Thai Cloth Clip (N) 24pcs,72.0,72.0
Gim Water Stainer M,17.0,17.0
Glade Scented Gel Fresh Lemon 180gm,390.0,390.0
Glade Scented Gel Lavender 180gm,390.0,390.0
Glitter Antibac Dish Wash Bar 300gm,40.0,40.0
Glitter Antibacterial Dishwash Liq 1000ml,180.0,180.0
Glitter Disinfect Floor & Surf Cleaner 1000ml,240.0,240.0
Gloz Dishwashing Bar 300gm,40.0,40.0
Godrej - Aer Twist Car Air Freshener - Cool Surf Blue 45g,599.0,599.0
Godrej Aer C Gel Fre L Green Car Frag Star+ref10g,399.0,399.0
Godrej Aer O Car Frag Cool Aqua 7.5gm,200.0,200.0
Godrej Aer O Car Frag Rose Blossom 7.5gm,200.0,200.0
Godrej Aer P Crush Pink Car Air Fresh 10gm,399.0,399.0
Godrej Aer Power Packet Sea Breeze Bathroom Fragrance 10gm ( Buy 3 Get free),210.0,210.0
Godrej Aer Power Pocket Bathroom Fragrance Lavender Bloom 10 gm,75.0,75.0
Godrej Aer Power Pocket Lavender Bloom Bathroom Fragrance 10gm (Buy 3 Get 1),210.0,210.0
Godrej Aer Pp Fre Blossom Bathr Frag10gm (Buy 3 Get 1 Free),210.0,210.0
Godrej Aer Spray Cool Surf Blue 220/240ml,300.0,300.0
Godrej Aer Spray Musk 220/240ml,300.0,300.0
Godrej Aer Spray Petal Crush Pink 220/240ml,300.0,300.0
Godrej Aer Spray Voilet Valley Bloom 220/300ml,300.0,300.0
Godrej Hit Cockroaches Kills Aerosol 400ml,350.0,350.0
GODREJ HIT MOSQ KILLS AEROSOL LIME 800ML B1G1HIT GEL,620.0,620.0
Godrej Hit Mosq Kills Aerosol Lime400m,290.0,290.0
Godrej Hit Mosquitoes Kills Aerosol -625ml,440.0,440.0
Godrej Hit Mosquitoes Kills Aerosol 800ml,620.0,620.0
Godrej Hit Mosquitoes Kills Aerosol Lime 625ml,440.0,440.0
Godrej Hit Mosquitoes Kills Aerosol400ml,290.0,290.0
Good Knight Advanced 5 Min Xpress Coil 10pcs,80.0,80.0
Good Knight Gold Flash Mosquitoes Liquid Vapouriser Refill 45ml,120.0,120.0
Good Knight Goldfla Mosqliqvapref 45ml B2g1,240.0,240.0
Good Knight Power Activ+ 2x Machine+ Cartz 45ml,180.0,180.0
Good Knight Power Active+ Cartridge B2gsoap,198.0,198.0
Good Knight Power Active+ Liquid Vapouriser Twin Pack,200.0,200.0
Good Knight Power Active+ Refill 45ml,110.0,110.0
Goodmaid Bio Dish Wash Liq Lem&Oran 1ltr,680.0,680.0
Goodmaid Dish Washing Paste Lime 400g,320.0,320.0
HAND FAN MINI,370.0,370.0
Harpic Bathroom Cleaning Powder 400g,85.0,85.0
Harpic combo (Tc 1ltr+lizol Sc 975ml) - Stk50,400.0,400.0
Harpic Flushmatic Promo Pack 2pcs,240.0,240.0
Harpic Flushmatic Toilet Cleaner 50g,130.0,130.0
Harpic Flushmatic Toilet Cleaning Block Citrus 3ux 50g,420.0,420.0
Harpic Flushmatic Toilet Cleaning Block Lavender 2ux 50g,310.0,310.0
Harpic Organic Active Citrus Toilet Cleaner 500ml,105.0,105.0
Harpic Orig Tc 750m+trix Dw 500mb2stk40,270.0,270.0
Harpic Original Bathroom Cleaning Powder-200g,50.0,50.0
Harpic Power Plus Toilet Cleaner 1 Ltr Buy 2 Get 50Tk off,400.0,400.0
Harpic Toilet Cleaning Powder 400gm,80.0,80.0
Harpoon Bathroom Cleaning Powder 400gm,90.0,90.0
Harpoon Liquid Toilet Cleaner 500ml-Buy 1 Get 1 Free,130.0,130.0
Harpoon Liquid Toilet Cleaner 750ml,170.0,170.0
Hersheys Syrup Genuine Choc Flv 623gm Ind,750.0,750.0
HUGGIES CLEAN CARE BABY WIPES 80P,565.0,565.0
Hygiene Fabric Freshener Blue Fresh Pack 8gm,255.0,255.0
Hygiene Fabric Freshener Pink Sweet Pack 8gm,255.0,255.0
Hygiene Fabric Freshener Vio Soft Pack 8gm,255.0,255.0
I Care Home Air Freshner Lemon 300ml,475.0,475.0
I Care Home Air Freshner Rose 300ml,475.0,475.0
Innovative Abrasive Scouring Pad Asp-1923,90.0,90.0
Innovative Proclean Broom ( For Bed) Pb-1077,100.0,100.0
Innovative Proclean Kitchen Cleaning Combo Cp-1060,230.0,230.0
Innovative Proclean Long Handle Telescopic Pp Duster Md-1886,480.0,480.0
Innovative Proclean Microfiber Sponge Ms-1954,250.0,250.0
Innovative Abrasive Scouring Pad ( Brown ) Asp-0223,70.0,70.0
Innovative Abrasive Scouring Pad - Blue Asp-0537,80.0,80.0
Innovative All Purpose Scouring Pad -2 Pcs As-0407,55.0,55.0
Innovative Bamboo Tooth Brush Premium - Ab-2036,150.0,150.0
Innovative Bamboo Tooth Brush Regular - Ab-2043,100.0,100.0
Innovative Bath Brush Bb-0964,190.0,190.0
Innovative Big Scouring Pad Bs-0957,120.0,120.0
Innovative Colorful Grip Sponge Scourer Cg-0445,150.0,150.0
Innovative Colorful Sponge Scouring Pad Cs-0490,150.0,150.0
Innovative Galvanized Scourer Gs-0988,140.0,140.0
Innovative Garbage Bag -60 L,160.0,160.0
Innovative Garbage Bag -80 L,220.0,220.0
Innovative Proclean Broom Pb-0520,150.0,150.0
Innovative Regular Toilet Brush Tb-0766,300.0,300.0
Innovative Sliver Gold Scourer Ss-0971,140.0,140.0
Innovative Stinless Steel Scourer (20 Gram) Ss-0148,120.0,120.0
Innovative Stinless Steel Scourer (25 Gram) Ss-0155,60.0,60.0
Innovative Super Absorbant Jumbo Car Wash Sponge Cws-0544,100.0,100.0
Innovative Thick Scouring Pad (Heavy Duty) Tsp-9852,70.0,70.0
Innovative Trading 3 Layer Abrasive Scouring Sponge Cs-0520,120.0,120.0
Innovative Trading All Purpose Scouring Pad - 4 Pcs,100.0,100.0
Innovative Trading Big Sponge Scouring Pad Bs-0469,40.0,40.0
Innovative Trading Cloth Clip Jar- 40 Pcs- Cc-1800,200.0,200.0
Innovative Trading Colorful Scratch Free Scouring Pad -5 Pcs Cs-0513,70.0,70.0
Innovative Trading Kitchen Cleaning Gloves Kg-0698,240.0,240.0
Innovative Trading Kitchen Cleaning Gloves Kg-0728,180.0,180.0
Innovative Trading Multi-Purpose Cleaning Brush With Refill Mcb-9890,150.0,150.0
Innovative Trading Premium Toilet Brush Tb-0711,425.0,425.0
Innovative Trading Printed Kitchen Globes,250.0,250.0
Innovative Trading Proclean Regular Twist Mop (With Refill) Tm-0810,600.0,600.0
Innovative Trading Regular Toilet Brush Tb-0681,400.0,400.0
Innovative Trading Regular Toilet Brush Tb-0742,350.0,350.0
Innovative Trading Short Broom -Sb-1763,220.0,220.0
Innovative Trading Shower Sponge (Bath Puff),100.0,100.0
Innovative Trading Ss Ball With Sponge Scourer - 2 Pcs,90.0,90.0
Innovative Trading Ss Surface Scouring Pad - 2 Pcs Ss-0476,90.0,90.0
Innovative Trading Ss Thermos Coffee Mug Cm-1640,950.0,950.0
Innovative Tradingabrasive Scouring Pad - Green 4 Pcs/Pack Asp-9845,48.0,48.0
Innovative Two Way Scouring Sponge Pad -4 Pcs Ssp-9944,120.0,120.0
Jet Baby Liquid Pink Detergent Bottle -1 Ltr,600.0,600.0
Jet Detergent Classic Powder Box 400/500gm,150.0,150.0
Jet Detergent Powder Box 1kg,300.0,300.0
Jet Detergent Powder Box Classic 200gm,60.0,60.0
Jet Detergent Powder Improve Form Box 500 gm,150.0,150.0
Jet Detergent Powder Improve Form Poly 500 gm,150.0,150.0
Jet Detergent Powder Improveformpoly200g,60.0,60.0
Jet Improved Formula Liquid Detergent -1000 ml,600.0,600.0
Jhok Mok Dish Washing Bar 100gm,15.0,15.0
Jhok Mok Dish Washing Bar 100gm- Buy 3 Get 1 Free,45.0,45.0
Jhok Mok Dish Washing Bar 300gm (Buy 3 get 1 free),120.0,120.0
Kazi Disposable Cup 100ml 20pcs,41.0,41.0
Kazi Disposable Plastic Glass 20pcs Bd,47.0,47.0
Kazi Foot Scruber Plastic,75.0,75.0
Kazi Gas Lighter,226.0,226.0
Kazi Moments Agorbati,47.0,47.0
Kazi Plastic Belcha,48.0,48.0
Kazi Super Naphthalene 50pcs Bd,129.0,129.0
KICK OUT MOSQUITO AEROSOL 475ML,400.0,400.0
Kilbug Bed Bug Spray 250ml,350.0,350.0
Kiwi Dranex Drain Cleaner 50gm,49.0,49.0
Koya 8812 All Purpose Cleaner 500ml,400.0,400.0
Koya Concentrat Dish Washing Liquid 500m,300.0,300.0
Koya Moth Ball 120gm,250.0,250.0
Krystal Clean Soft Floor Cleaner 500ml,145.0,145.0
Krystal Klean Glass & Household Cleaner Spray 350 ml,135.0,135.0
Krystal Klean Natural Dishwash Liq 500ml,140.0,140.0
Krystal Klean Natural Dishwash Liq 500ml B2g1,280.0,280.0
Lacys Clear Pow Free Vin Hand Gloves L 100p,850.0,850.0
Lacys Cling Wrap 100 Ft,245.0,245.0
Lacys Cling Wrap 200 Ft,435.0,435.0
Lacys Cling Wrap 90m,645.0,645.0
Lemon Bright Liq Dish Wash Jar 500ml B2g1,300.0,300.0
Lemon Bright Liquid Dish Wash Refill 250 ml b2g1,150.0,150.0
Lemon White Detergent Powder 500gm,80.0,80.0
Lemon White Detergent Powder 500gmb2g1,140.0,140.0
LIZOL ALL IN 1 DISINFECT NEEM SURFACE CLEANER 1LTR,300.0,300.0
Lizol All In1 Disinf Neem Surface Clea 500ml,160.0,160.0
Lizol Disinf Jasmine Surface Cleaner 500ml,160.0,160.0
Lizol Disinf Surface Cleaner Citrus 1l B2stk70,530.0,530.0
Lizol Disinf Surface Cleaner Citrus 5ltr,1250.0,1250.0
Lizol Disinfectant Surface & Floor Cleaner Citrus 500 ml,160.0,160.0
Lizol Disinfectant Surface & Floor Cleaner Floral 500 ml,160.0,160.0
Lizol Floor Cleaner Floral Disinfectant Surface 1 Ltr,300.0,300.0
MAMA LEMON LIQ DISH WASH REF POLY 250G B2G1,100.0,100.0
Matador Scourer 02 26gm,50.0,50.0
Matador Scourer 13gm,25.0,25.0
Max Clean Liq Dishwash Ref Poly 250ml,65.0,65.0
Maxell Alkaline Battery AA 2pcs,245.0,245.0
Melon Toilet Deodorizer Hanger Herbal100g,359.0,359.0
Melon Toilet Deodorizer Hanger Kradungnga100g,359.0,359.0
Melon Toilet Deodorizer Hanger Lavender100g,359.0,359.0
Melon Toilet Deodorizer Refill Herbal100g,259.0,259.0
Melon Toilet Deodorizer Refill Jasmine100g,259.0,259.0
Melon Toilet Deodorizer Refill Kradungnga100g,259.0,259.0
Melon Toilet Deodorizer Refill Lavender100g,259.0,259.0
Melon Toilet Deodorizer Refill Orchid100g,259.0,259.0
Melon Toilet Deodorizer Refill Rose100g,259.0,259.0
Mortein Insta Vapo Refill 60 Nights 45ml,130.0,130.0
Mortein Powerguard Mosq Ins Killer 450ml,270.0,270.0
Mouse Glue Trap A1 Thai,235.0,235.0
Mr. White Detergent Powder 1kg B3G1 Bucket,396.0,396.0
Mr.Brasso Glass&M Surface Clea Spray 250ml,125.0,125.0
Mr.White White Detergent Powder 500gm,95.0,95.0
Odofresh 10x Toilet Cleaner 500ml,120.0,120.0
ODOMOS FABRIC ROLL ON MOSQ REP 8ML,225.0,225.0
ODONIL AIR FRESH GEL POCKET 10G B2G1,225.0,225.0
Odonil Air Fresh Gel Pocket Wild Forest10g,75.0,75.0
Odonil Air Freshner Citrus Fresh 300ml -Save Tk 50,300.0,300.0
ODONIL AIR FRESHNER FLORAL BLISS 300ML,290.0,290.0
Odonil Air Freshner Lavender Mist 300ml- Save Tk 50,300.0,300.0
Odonil Bathr Air Fresh Ref Jasmine Mist75g,75.0,75.0
Odonil Nature Air Freshener 75gm-Buy 2 Get 1 Free,150.0,150.0
Odonil Nature Air Freshener Hanger -Buy 2 Get 1 Free,190.0,190.0
Odonil New Air Freshener 48gm -Buy 3 Get 1 Free,220.0,220.0
Odonil New Air freshener Jasmine Mist 48gm,65.0,65.0
Odonil New Air freshener Lavender Meadow 48gm,65.0,65.0
Odonil New Air Freshener Mystic Rose 48gm,65.0,65.0
Odonil New Hanger Mystic Rose 50gm,95.0,95.0
Oil Jar Double,199.0,199.0
Olympic Heavy Duty Pencil Battery Aa Um3,15.0,15.0
Omo Ultra Fast Clean Detergent Powder 1.5kg,1175.0,1175.0
Omo Ultra Fast Clean Detergent Powder 400gm,335.0,335.0
Omo Ultra Fast Clean Detergent Powder 800gm,625.0,625.0
Omo Ultra Fast Clean Liq Detergent 968ml,850.0,850.0
Onetime Aluminium Lunch Box 03 Chamber,12.0,12.0
Onetime Coffee Mug,2.0,2.0
Onetime Lunch Box Normal,3.0,3.0
Onetime Plastic Glass,1.4,1.4
Onetime Plastic Spoon,0.8,0.8
Orchid Air Freshner Beli 50gm,60.0,60.0
Orchid Air Freshner Rose 50gm,60.0,60.0
Orchid Air Freshner Beli Pack 50gm,60.0,60.0
Orchid Air Freshner Jasmine 50gm,60.0,60.0
Orchid Air Freshner Jasmine Pack 50gm,60.0,60.0
Orchid Air Freshner Rajanighandha 50gm,60.0,60.0
Orchid Hanger Air Freshner Rose 70gm,105.0,105.0
Orix Crystal Wash Liq Detergent 1ltr,320.0,320.0
Orix Pure Clean Lemon&Jasmine Liq Det 1ltr,480.0,480.0
Orix Pure Clean Van R Berry & Lily Liquid Detergent 1ltr,480.0,480.0
Parimal Champa Flower Agarbathi 18/20gm,40.0,40.0
Paris Lotion Admire Air Freshner 400ml,595.0,595.0
PARTEX CLEEN EUCAL CC FACIAL TISSUE120PX2PLY 240S,90.0,90.0
Partex Cleen Facial Tissue 120x2ply 240s,85.0,85.0
Partex Cleen Facial Tissue Perfum120x2ply240s,85.0,85.0
Partex Cleen Hand Towel Box 150x2ply,85.0,85.0
Partex Cleen Hand Towel Poly 200x2ply,85.0,85.0
Partex Cleen Kitchen Towel 2roll,160.0,160.0
Partex Cleen Ss Toilet Tissue White 4r Combo,95.0,95.0
Partex Cleen Super S Toilet Tissue White2ply,28.0,28.0
Partex Cleen Ultra S Toilet Tissue Print3ply,38.0,38.0
Persil Colour Protect Liquid Detergent 2.7l,2575.0,2575.0
Persil Detergent Powder 3kg,2595.0,2595.0
Persil Liquid Detergent 2l,1495.0,1495.0
Persil Sensitive Liquid Detergent 2.7l,2575.0,2575.0
Purnava Mosquito Repellent 75ml,175.0,175.0
Ray 3in1 White&Bright Adv Det W Pow 500g,90.0,90.0
Ray 3in1 White&Bright Adv Det W Pow1000g,180.0,180.0
Ray Comodo Toilet Cleaner 500ml,120.0,120.0
Ray Comodo Toilet Cleaner 750ml,150.0,150.0
Ray Dish Wash Lemon Refill Bottle 1l (Buy 1 Save Tk 30),240.0,240.0
Ray Dish Wash Liquid Lemon 600ml,165.0,165.0
Ray Dish Wash Liquid Lemon Refill Poly 250 ml (Buy 1 Get 1 Free),75.0,75.0
Ray Dish Wash Liquid Orange 600ml,170.0,170.0
Ray Dish Wash Liquied Lemon Refill Poly -250 ml,150.0,150.0
Ray Do Glass & Household Cleaner Spray 350 ml,155.0,155.0
Ray Do Glass&Household Cleaner Ref 350ml,110.0,110.0
Ray Doom Dish Wash Liq Ref Lemon 250ml,90.0,90.0
Ray Doom Dish Wash Liq Ref Orange 250m,90.0,90.0
Ray Floor Cleaner Lemon Freshness 1000 ml (Buy 1 Get 1 Comodo Toilet Cleaner 750ml Free),265.0,265.0
Ray Floor Cleaner Lemon Freshness 500 ml,150.0,150.0
Ray Floor Cleaner Rose Freshness 1000 ml (Buy 1 Get 1 Comodo Toilet Cleaner 750ml Free),265.0,265.0
Ray Floor Cleaner Rose Freshness 500 ml,150.0,150.0
Ray Tv Screen Cleaner 100ml,70.0,70.0
Redy Synth Laundry Detergent Pow 1kg,185.0,185.0
Resonance Roach Gel 50gm,575.0,575.0
RFL BABY BUILDING BLOCK-50 PCS SET 889520,237.5,237.5
RFL CHOPPING BOARD 889844,119.5,119.5
Rfl Coat Hanger 42 Cm,280.0,280.0
RFL KITCHEN COMBO 6 PCS SET -889843,122.5,122.5
RFL Kleen Magic Spin Mop 889559,1372.5,1372.5
RFL KLEEN SS SCOURER -BUY 01 GET 01 851425,30.0,30.0
RFL Plastic Mesh Scourer B1G1 851073,35.0,35.0
Rfl Rainbow Cont. 4pcs Set (Small Size),160.0,160.0
RFL Square Paper Basket - Black 72482,95.0,95.0
Rfl Ss 3 Layer Cosmo Food Carrier,432.0,432.0
Rfl Ss Scourer -,30.0,30.0
RFL TRIM CONT COMBO PACK(600 ML 3 PCS & 3000 ML 1 PCS) 937083,223.0,223.0
Rin Adv Synth Laundry Det Pow 1kg B2stk50,360.0,360.0
RIN ADV SYNTH LAUNDRY DET POW 2KG B2STK100,520.0,520.0
Rin Adv Synth Laundry Det Pow 2kg B2stk90,610.0,610.0
Rin Liquid Detergent Bottle 800ml Bd,270.0,270.0
Rin Synthetic Detergent Powder 1kg,195.0,195.0
Rin Synthetic Detergent Powder 2kg,370.0,370.0
Rok Concent Floor Cleaner Jasmin 1.5ltr-Buy 1 Get 500ml toilet Cleaner Free,375.0,375.0
Rok Concent Floor Cleaner Lemon 1000ml,295.0,295.0
Rok Concent Floor Cleaner Pine 1.5 Ltr,384.0,384.0
Rok Concent Floor Cleaner Rose 900 ml,295.0,295.0
Rok Floor Cleaner Lemon 500ml,140.0,140.0
Rok Floor Cleaner Pine Disinfect 500ml,155.0,155.0
Rok Glass Cleaner Spray 350ml,135.0,135.0
Rok Glazeo Scented Glass Cleaner Spray 750 ml,255.0,255.0
Rok Liq Floor Cleaner Rose Ref Poly 450ml,120.0,120.0
Rok Perfumed Phenyle 1.5ltr,240.0,240.0
Rok Phenyle Extra Power Germ Killer 3ltr,180.0,180.0
ROK+UNIK COMBO(FL C 500M+TOILET C 750M)STK 40,290.0,290.0
S.M Ballon Pumper Bp-10,153.0,153.0
S.M Banner China Big- Bcb 1/1,153.0,153.0
S.M Birthday Candle Set Cnl-1/7,102.0,102.0
"S.M Birthday Cap Long 7"" Bcl-7",72.0,72.0
S.M Birthday Number Candle- Cnl 1/50,36.0,36.0
"S.M Color Full Gift Bag (11/17) "" Large",120.0,120.0
"S.M Color Full Gift Bag (5.5/7.5) "" S",55.0,55.0
"S.M Color Full Gift Bag (7.5/10.5) "" M",65.0,65.0
"S.M Color Full Gift Bag (7/11) "" Medium",80.0,80.0
S.M Gourd Ballon Thai 20 Pcs Bl- 1/9,153.0,153.0
S.M Jhorna Candle 1 Pcs Cnl 15 Cm,35.0,35.0
S.M Jhorna Candle 1 Pcs Cnl 20 Cm,45.0,45.0
S.M Jhorna Candle 1 Pcs Cnl 30 Cm,60.0,60.0
S.M Love Ballon Thai 15 Pcs Bl-1/7,102.0,102.0
S.M Party Spray Cragy Ribbon Ps 1/2,93.0,93.0
S.M Round Ballon Big 10 Pcs Bl-1/14,102.0,102.0
S.M Round Ballon Thai 15 Pcs Bl-1/11,102.0,102.0
S.M Sonow Spray Taiwan Sst-1/1,80.0,80.0
S.M Spiral Ballon Thani 12 Pcs Bl-1/6,92.0,92.0
S.M Sprial Party Candle Cnl-2/5,77.0,77.0
S.M Wrapping Paper Premium,21.0,21.0
Safe Keeper Disinfecting Wet Towels 10p,50.0,50.0
Safe Keeper Disinfecting Wet Towels 80p,320.0,320.0
Savlon Detergent Powder 500gm,130.0,130.0
Savlon Liq Detergent 1ltr,350.0,350.0
Savlon Liquid Antiseptic 1 Ltr,280.0,280.0
Savlon Liquid Antiseptic 56ml,45.0,45.0
Savlon Liquid Antiseptic 5ltr,1200.0,1200.0
Savlon Liquid Antiseptic 725ml,185.0,185.0
Scotch Brite General Duty Scrub Sponge 3m,105.0,105.0
Scotch Brite Scrub Pad 3m 6.3x7.5cm,18.0,18.0
Scotch Brite Scrub Pad 3m 7.5x7.5cm,24.0,24.0
SEPNIL ALCOHOL SWABS BOX 100P,100.0,100.0
Sepnil Sg Disinf Liq Floor Clean Citrus Magic1ltr,270.0,270.0
Sepnil Sg Disinf Liq Floor Clean Citrus Magic500m,150.0,150.0
Shakti Liquid Toilet Cleaner 500ml,110.0,110.0
Shinex 4in1 Act Fresh M Floor Cleaner 1l,270.0,270.0
Shinex Glass Cleaner Spray 350ml,140.0,140.0
Shuvro Liq Laundry Detergent 500ml,235.0,235.0
Shuvro Synthetic Detergent Powder 500gmb1g1,70.0,70.0
Shuvro Synthetic Detergent Powder 500gmb2g1,180.0,180.0
Soapy Detergent Powder 1kg (Buy 1 Get 1 500gm Free),280.0,280.0
Soapy Detergent Powder 500gm,145.0,145.0
Soapy Liquid Detergent 1 Ltr,420.0,420.0
Soapy Liquid Detergent 500ml,220.0,220.0
Sony Alkaline Battery AA 2pcs,245.0,245.0
Sony Alkaline Battery AAA 2pcs,245.0,245.0
Sony Rech.Battery AAA 2pcs,275.0,275.0
Sony Rechargeable Battery AA 2pcs,275.0,275.0
SPRING AIR FRESHENER ALL FLV 300ML B2STK100,540.0,540.0
Sunlite Extra Heavy Duty Battery Aa 2pack,40.0,40.0
Super White Detergent Powder 500gm,90.0,90.0
Surf Excel Matic Liq Wash Top Load1l B1g1vim500m,400.0,400.0
Surf Excel Matic Liq Wash Top Load500m B1g1vim250m,210.0,210.0
Surf Excel Quick Wash 1kg B2stk70,460.0,460.0
Surf Excel Quick Wash Liquid 1 Ltr,310.0,310.0
Surf Excel Quick Wash Liquid 500 ml,160.0,160.0
Surjo White Detergent Powder Act+ 500gm,85.0,85.0
Swift Phenyle Toilet&All Type Floor Clea 1000ml,130.0,130.0
Tide Original Liquid Detergent 739ml,1990.0,1990.0
Trix Dish Wash Liq Lemon 250ml B3g1,195.0,195.0
Trix Dish Washing Bar Lemon 125gm,15.0,15.0
Trix Dish Washing Bar Lemon 300gm,40.0,40.0
Tylox Liq Floor Cleaner Citron Fresh 1l,320.0,320.0
Tylox Liq Floor Cleaner Crimson Spring 1l,320.0,320.0
Tylox Liq Floor Cleaner Tropical Paradise 1l,320.0,320.0
TYLOX LIQ GLASS CLEANER MINTY SHINE 500ML,230.0,230.0
Tylox Liq Toilet Cleaner Lemon Lime 750ml,160.0,160.0
Unik Xtreme Toilet Cleaner 750ml-Buy 1 Get ROK SOL TILES & BATHROOM CLEANER 500ML,160.0,160.0
UNION AC MOSQUITO NET 6X7 FT,850.0,850.0
UNION MOSQUITO NET REGULAR 6X7 FT,550.0,550.0
Vegetable Greater,320.0,320.0
Vim Dishwash Bar 100gm,12.0,12.0
Vim Dishwash Bar 125gm,15.0,15.0
Vim Dishwash Bar 300gm- Buy 3 Save tk20,100.0,100.0
Vim Dishwash Liq Lime,240.0,240.0
Vim Dishwash Liq Lime 500ml B1g1vim Liq75m,130.0,130.0
Vim Dishwash Liquid Real Lemon 850ml,170.0,170.0
VIM DW LIQ LIME 1L B1G1 VIM LIQ 250ML,240.0,240.0
Vim Dw Liquid Refill 250ml,60.0,60.0
Vixol Bathroom Cleaner Pink 900 ml,525.0,525.0
Vixol Bathroom Cleaner Smart 900ml,525.0,525.0
Washing Soda 200g Pk,30.0,30.0
Washing Soda 400g Pk,60.0,60.0
Wb Cotton Bat Ck- 4,168.0,168.0
Wb Freshness Bag (200 Pcs),351.0,351.0
Wb Zali Scourer,93.0,93.0
Wheel 2in1 C&F Powder 2kg+10l Bucket Combo,220.0,220.0
Wheel 2in1 Cle&Fre Powder1kg B2g1 Wheel200g,290.0,290.0
Wheel 2in1 Clean&Fresh Powder2kgb1g1rin250g,210.0,210.0
Wheel Laundry Soap 125gm B3g1,90.0,90.0
Wheel Laundry Soap 125gx2p Combo Stk5,55.0,55.0
Won Gopi Fabric Tinapol F /Bright 100gm,45.0,45.0
Wonder Antibac Dish W Liquid Refill 250m,70.0,70.0
Wonderful Gopi Gruel 150gm,55.0,55.0
Xpel Natural Mosquito Repellent Spray 30ml,120.0,120.0
Zipbag Jumbo Storage & Freezer 12 Bags,350.0,350.0
Zipbag Sandwich 50 Bags,350.0,350.0
Zipbag Storage & Freezer 20 Bags,350.0,350.0
Zipbag Storage & Freezer 25 Bags,350.0,350.0
Zipit Multi Pur Storage&Sand Zip Bags M 25p,250.0,250.0
